op,dtype,family,stock_Melem_per_s,dragon_Melem_per_s,speedup
logical_and,bool,bool,1044.5,11346.8,10.863
logical_not,bool,bool,1866.3,11875.2,6.363
arccos,float16,float16,44.1,44.1,1.000
arccosh,float16,float16,29.1,29.1,1.000
arcsin,float16,float16,47.9,47.8,0.998
arcsinh,float16,float16,21.1,261.2,12.379
arctan,float16,float16,38.3,38.3,1.000
arctanh,float16,float16,24.0,453.9,18.912
cbrt,float16,float16,36.1,145.7,4.036
cos,float16,float16,51.4,662.0,12.879
cosh,float16,float16,46.2,46.2,1.000
exp,float16,float16,73.6,73.6,1.000
exp2,float16,float16,78.0,78.0,1.000
expm1,float16,float16,35.7,35.7,1.000
log,float16,float16,68.0,442.1,6.501
log10,float16,float16,43.2,421.8,9.764
log1p,float16,float16,36.1,392.4,10.870
log2,float16,float16,67.8,422.7,6.235
sin,float16,float16,52.4,689.3,13.155
sinh,float16,float16,21.1,21.1,1.000
tan,float16,float16,28.9,28.9,1.000
tanh,float16,float16,20.7,20.7,1.000
add,f32,float32,2745.1,2688.6,0.979
arccos,f32,float32,84.9,84.8,0.999
arccosh,f32,float32,54.8,54.8,1.000
arcsin,f32,float32,95.9,194.1,2.024
arcsinh,f32,float32,31.0,31.0,1.000
arctan,f32,float32,64.2,573.1,8.927
arctan2,f32,float32,43.5,205.7,4.729
arctanh,f32,float32,35.3,35.2,0.997
cbrt,f32,float32,52.6,52.6,1.000
cos,f32,float32,78.1,410.5,5.256
cosh,f32,float32,87.2,87.2,1.000
divide,f32,float32,1203.3,2271.4,1.888
exp,f32,float32,236.8,237.9,1.005
exp2,f32,float32,249.3,249.4,1.000
expm1,f32,float32,70.8,70.8,1.000
log,f32,float32,207.1,207.0,1.000
log10,f32,float32,86.5,86.4,0.999
log1p,f32,float32,64.8,64.8,1.000
log2,f32,float32,208.5,208.3,0.999
multiply,f32,float32,2742.2,2698.1,0.984
power,f32,float32,81.1,80.9,0.998
sin,f32,float32,77.4,423.4,5.470
sinh,f32,float32,25.7,25.8,1.004
sort,f32,float32,11.0,74.9,6.809
subtract,f32,float32,2748.7,2690.1,0.979
tan,f32,float32,38.9,38.9,1.000
tanh,f32,float32,26.5,319.0,12.038
add,f64,float64,872.9,621.7,0.712
arccos,f64,float64,68.2,68.3,1.001
arccosh,f64,float64,24.5,24.6,1.004
arcsin,f64,float64,68.0,68.1,1.001
arcsinh,f64,float64,25.8,25.8,1.000
arctan,f64,float64,45.4,207.5,4.570
arctan2,f64,float64,24.6,80.5,3.272
arctanh,f64,float64,33.1,33.1,1.000
cbrt,f64,float64,42.8,136.7,3.194
cos,f64,float64,67.9,68.1,1.003
cosh,f64,float64,46.3,46.4,1.002
divide,f64,float64,869.8,623.2,0.716
exp,f64,float64,71.4,71.3,0.999
exp2,f64,float64,20.2,20.2,1.000
expm1,f64,float64,68.0,68.1,1.001
log,f64,float64,54.5,54.4,0.998
log10,f64,float64,37.0,37.0,1.000
log1p,f64,float64,63.4,262.8,4.145
log2,f64,float64,52.6,52.7,1.002
multiply,f64,float64,908.1,611.8,0.674
power,f64,float64,17.5,17.6,1.006
sin,f64,float64,68.5,68.5,1.000
sinh,f64,float64,24.0,24.0,1.000
sort,f64,float64,11.0,36.8,3.345
subtract,f64,float64,801.7,619.6,0.773
tan,f64,float64,24.4,24.4,1.000
tanh,f64,float64,24.0,54.8,2.283
add,i16,integer,5313.4,5314.9,1.000
add,i32,integer,2387.1,2279.1,0.955
add,i64,integer,654.8,833.0,1.272
add,int8,integer,10797.3,10877.6,1.007
add,uint16,integer,5343.7,5798.2,1.085
add,uint32,integer,2370.7,2288.6,0.965
add,uint64,integer,669.4,827.1,1.236
add,uint8,integer,10022.7,9754.8,0.973
argmax,i16,integer,10209.6,10913.8,1.069
argmax,i32,integer,5555.7,5582.0,1.005
argmax,i64,integer,2843.3,2950.6,1.038
argmax,int8,integer,20322.6,20194.9,0.994
argmax,uint16,integer,10268.4,10867.4,1.058
argmax,uint32,integer,4453.6,5602.2,1.258
argmax,uint64,integer,2855.5,2871.0,1.005
argmax,uint8,integer,20382.8,20233.2,0.993
floor_divide,i16,integer,157.7,1827.1,11.586
floor_divide,i32,integer,165.3,1114.8,6.744
floor_divide,i64,integer,107.6,107.7,1.001
floor_divide,int8,integer,163.5,2675.7,16.365
floor_divide,uint16,integer,286.2,1744.9,6.097
floor_divide,uint32,integer,189.9,1117.4,5.884
floor_divide,uint64,integer,189.3,189.0,0.998
floor_divide,uint8,integer,408.9,2425.8,5.933
less,i16,integer,6966.0,6924.5,0.994
less,i32,integer,2974.2,3023.2,1.016
less,i64,integer,1075.3,1052.0,0.978
less,int8,integer,12477.6,12356.0,0.990
less,uint16,integer,6977.1,6954.2,0.997
less,uint32,integer,2414.8,2837.7,1.175
less,uint64,integer,1092.5,1185.8,1.085
less,uint8,integer,12436.0,12416.8,0.998
max,i16,integer,12118.1,15773.6,1.302
max,i32,integer,5678.7,7900.4,1.391
max,i64,integer,3055.5,4186.0,1.370
max,int8,integer,22190.1,28317.1,1.276
max,uint16,integer,12180.8,15848.4,1.301
max,uint32,integer,4195.1,8371.3,1.995
max,uint64,integer,2986.7,4186.3,1.402
max,uint8,integer,22279.8,28468.1,1.278
mod,i16,integer,168.3,1641.7,9.755
mod,i32,integer,157.1,1052.7,6.701
mod,i64,integer,102.8,527.0,5.126
mod,int8,integer,173.7,2475.5,14.252
mod,uint16,integer,286.1,1579.5,5.521
mod,uint32,integer,190.3,1041.3,5.472
mod,uint64,integer,189.5,747.4,3.944
mod,uint8,integer,409.0,2125.5,5.197
multiply,i16,integer,5333.3,5805.0,1.088
multiply,i32,integer,2267.0,2170.5,0.957
multiply,i64,integer,672.5,841.8,1.252
multiply,int8,integer,10728.2,11370.3,1.060
multiply,uint16,integer,5312.8,5809.5,1.093
multiply,uint32,integer,1909.5,2217.8,1.161
multiply,uint64,integer,658.9,865.3,1.313
multiply,uint8,integer,10046.4,9778.5,0.973
sort,i16,integer,14.7,93.6,6.367
sort,i32,integer,14.8,80.3,5.426
sort,i64,integer,15.6,41.8,2.679
